SM,0,1,2,3,4,5,6,7,8,9,10,11,12,13,14,15,16,17,18,19,20,21,22,23,24,25,26,27,28,29,30,31,32,33,34,35,36,37,38,39,40,41,42,43,44,45,46,47,48,49,50,51,52,53,54,55,56,57,58,59,60,61,62,63,64,65,66,67,68,69,70,71,72,73,74,75,76,77,78,79,80,81,82,83,84,85,86,87,88,89,90,91,92,93,94,95,96,97,98,99,100,101,102,103,104,105,106,107,108,109,110,111,112,113,114,115,116,117,118,119,120,121,122,123,124,125,126,127,128,129,130,131,132,133,134,135,136,137,138,139,140,141,142,143,144,145,146,147,148,149,150,151,152,153,154,155,156,157,158,159,160,161,162,163,164,165,166,167,168,169,170,171,172,173,174,175,176,177,178,179,180,181,182,183,184,185,186,187,188,189,190,191,192,193,194,195,196,197,198,199,200,201,202,203,204,205,206,207,208,209,210,211,212,213,214,215,216,217,218,219,220,221,222,223,224,225,226,227,228,229,230,231,232,233,234,235,236,237,238,239,240,241,242,243,244,245,246,247,248,249,250,251,252,253,254,255
0,353,334,347,332,341,351,339,349,341,343,338,343,356,330,359,330,366,376,365,377,376,368,370,369,369,371,367,373,373,376,375,376,371,372,367,369,375,378,374,377,365,377,365,381,372,368,368,366,335,342,337,341,359,332,356,331,346,333,345,333,339,350,339,351,327,345,327,346,351,338,351,337,347,337,344,338,333,359,333,359,376,360,376,363,367,369,366,369,374,368,375,370,383,378,376,376,371,370,376,367,382,377,373,376,376,362,376,361,367,367,366,371,345,340,346,337,332,361,332,359,327,346,326,345,357,339,352,337,337,352,340,350,353,359,352,360,359,331,357,326,349,341,354,343,373,369,375,368,363,374,365,375,375,362,375,363,370,371,369,372,374,364,375,361,367,372,371,372,372,367,375,370,365,382,365,375,358,328,357,328,353,342,350,343,338,349,337,350,346,359,347,359,351,339,354,337,358,352,356,345,330,359,330,359,346,350,348,354,367,371,368,373,376,363,377,363,366,377,367,377,370,368,375,369,366,376,365,375,371,372,375,370,367,371,367,372,376,362,377,363,331,360,331,359,346,355,346,350,351,338,353,337,356,349,358,347
1,347,333,353,331,339,352,338,354,335,346,339,342,358,327,356,331,364,379,365,381,372,371,372,368,370,373,368,371,374,375,374,377,372,373,366,373,374,376,373,376,365,381,366,375,373,369,373,370,336,340,338,339,356,331,359,329,357,332,347,332,339,351,339,350,328,352,328,345,353,337,350,338,344,340,343,339,332,358,332,360,378,364,377,363,366,368,367,370,372,373,374,371,377,377,378,377,376,372,371,372,376,376,381,379,377,365,377,362,366,366,370,367,344,339,348,339,333,360,331,360,332,351,331,352,350,337,351,336,340,352,339,355,347,358,346,359,357,330,357,327,354,344,355,342,374,370,374,369,364,379,365,379,371,363,371,361,366,372,368,371,373,363,375,367,368,372,370,373,371,368,376,369,363,376,366,381,356,327,357,327,353,344,351,342,338,350,339,349,354,358,353,360,354,340,350,338,354,351,358,346,332,360,331,361,346,349,348,349,366,369,366,370,375,362,376,363,367,378,366,376,371,373,376,367,364,375,365,374,377,371,376,372,364,371,365,370,377,361,376,364,332,361,331,360,346,350,346,355,353,336,349,336,358,353,358,351
2,345,319,337,322,333,344,333,344,330,335,330,334,347,322,348,320,361,374,359,369,360,358,359,359,362,362,361,362,365,369,365,367,360,366,363,362,370,369,369,369,356,372,361,366,367,359,367,356,331,333,330,337,349,318,349,322,345,322,333,320,329,343,334,344,319,346,322,346,343,330,343,331,336,334,335,333,322,352,321,351,367,356,368,358,358,362,358,362,363,366,367,360,367,370,372,370,366,367,363,359,365,372,367,370,370,356,368,357,359,358,358,361,335,330,335,334,320,350,321,351,321,335,319,347,342,328,344,330,333,344,329,343,344,350,335,350,347,319,347,320,342,332,344,333,363,359,365,359,355,365,356,372,366,355,371,357,362,363,362,364,369,357,370,356,361,362,362,363,362,360,361,360,362,369,360,372,348,320,349,319,344,336,343,334,329,345,326,343,336,352,344,352,341,330,342,331,348,346,349,346,323,351,324,351,336,345,335,345,358,361,358,362,368,357,368,358,354,370,362,370,364,357,363,360,356,369,355,368,366,360,366,358,357,363,358,362,368,357,367,357,321,352,323,350,335,344,336,347,344,332,345,332,348,335,348,337
3,344,322,344,321,329,342,333,342,328,335,329,333,348,317,348,321,354,365,355,365,359,357,359,358,360,361,360,361,365,367,369,366,360,361,362,360,365,366,368,366,360,369,360,370,357,357,357,359,331,332,329,332,348,319,346,318,344,320,344,320,332,341,329,345,319,346,321,346,341,330,339,329,334,332,336,332,319,350,322,350,366,356,367,354,356,361,357,360,366,365,363,358,365,368,365,368,367,359,366,366,365,370,370,366,367,352,366,356,358,360,357,361,335,329,335,330,320,351,320,353,321,334,319,335,344,329,340,328,332,346,328,345,344,350,343,351,346,319,346,319,342,332,343,332,366,359,361,359,360,370,360,372,365,356,369,354,359,362,360,362,365,354,369,354,360,361,361,359,366,357,360,357,356,365,361,365,347,319,345,318,341,332,339,332,332,344,327,344,343,350,335,347,343,329,340,330,348,334,346,346,320,351,322,350,333,343,335,342,355,360,356,364,366,356,367,357,355,371,360,369,361,358,359,366,360,370,359,369,366,359,366,366,356,361,357,360,369,352,367,356,322,349,319,351,335,344,336,346,345,330,341,330,347,335,346,346
4,331,316,340,319,324,338,324,338,322,329,328,329,343,317,342,319,350,363,350,366,359,355,362,354,356,358,356,356,361,364,362,366,359,358,358,359,361,363,362,363,351,362,354,362,360,357,356,355,327,329,326,329,344,316,344,317,339,319,340,317,323,338,324,339,320,337,320,333,339,320,342,327,328,324,331,323,316,345,318,345,365,351,365,352,355,358,356,357,359,359,363,360,365,363,361,361,358,357,361,360,366,360,361,359,364,352,363,350,355,355,355,359,330,325,331,321,316,344,318,345,318,336,320,338,341,326,341,323,325,337,324,339,340,345,339,344,343,318,344,317,340,329,342,333,357,353,359,355,351,362,354,365,359,352,362,352,359,358,357,359,361,353,362,352,359,359,359,358,361,353,360,353,354,362,353,367,343,317,343,317,341,329,341,329,322,338,325,337,340,345,331,346,341,322,341,326,344,338,344,331,316,345,318,345,332,338,328,338,355,359,356,356,364,353,364,353,353,358,352,359,359,354,358,361,351,366,349,363,357,354,358,360,356,358,356,358,365,353,363,353,317,345,319,345,329,337,332,338,340,327,340,323,342,340,344,333
5,329,316,330,317,323,338,323,339,320,332,323,330,343,319,343,319,351,361,353,360,359,353,359,352,356,358,357,356,361,362,359,361,356,356,358,357,360,363,360,360,350,364,349,360,353,354,354,354,326,329,321,331,342,315,343,316,330,318,340,314,322,336,323,337,315,337,318,337,339,321,338,321,328,323,331,322,316,343,317,344,362,351,363,351,353,355,354,354,359,357,357,354,361,362,361,359,356,360,358,354,363,363,361,358,364,352,364,352,353,358,354,355,331,324,328,323,315,344,317,344,316,336,315,331,338,326,340,319,323,338,322,336,339,344,330,344,343,315,345,317,340,331,338,329,357,353,357,352,348,365,348,361,360,351,360,351,356,355,357,356,359,351,362,351,356,356,356,357,360,352,357,353,352,364,351,358,342,316,343,319,340,328,339,332,324,336,321,337,328,344,340,343,340,321,341,321,344,330,344,331,317,344,315,344,330,338,328,337,354,358,353,357,364,351,362,349,353,358,350,358,357,353,358,358,350,364,350,363,357,354,357,353,354,357,353,358,363,353,364,352,313,344,315,344,331,337,329,336,338,323,342,326,343,332,343,330
6,340,317,343,319,327,343,333,341,335,337,331,337,352,320,350,323,358,367,358,367,363,357,359,357,364,366,364,362,372,366,365,367,363,365,362,365,367,371,372,368,356,366,357,366,365,358,365,358,334,335,329,336,351,321,352,321,331,318,342,323,326,341,327,341,322,336,323,335,343,331,344,330,332,333,334,334,321,352,321,352,367,355,369,358,361,363,358,364,363,364,362,363,365,368,368,366,364,359,363,361,367,367,367,367,369,356,367,357,357,363,361,363,336,331,338,334,321,345,318,347,322,347,322,349,345,331,344,331,333,342,328,342,333,348,342,352,353,322,350,320,344,337,344,337,363,356,363,357,360,366,357,369,367,361,370,357,362,362,362,361,367,357,371,358,361,364,361,362,362,357,364,357,358,366,358,367,350,322,349,322,343,338,345,336,326,340,333,342,333,347,333,352,343,333,343,333,349,349,353,349,323,350,323,354,336,342,336,342,358,363,357,365,368,356,367,358,356,367,358,364,363,358,363,362,357,367,358,369,363,364,363,361,361,363,360,365,370,357,370,357,318,352,323,348,334,341,334,343,343,333,344,330,352,335,353,349
7,331,323,333,318,332,341,326,342,333,335,329,338,351,321,348,320,357,366,356,363,358,356,363,356,361,364,362,365,370,367,364,368,360,360,362,364,365,368,365,367,357,366,357,365,364,354,364,357,332,337,331,336,352,320,351,318,329,317,332,317,331,342,326,339,320,334,322,348,343,329,343,332,331,325,331,331,321,350,322,351,363,356,371,356,356,362,357,361,363,363,362,358,368,368,366,366,361,358,360,364,367,367,366,366,366,357,367,355,357,362,355,361,334,324,333,330,322,354,319,351,321,348,321,334,343,332,342,330,332,342,326,340,341,346,341,351,351,320,348,322,343,335,342,336,362,356,360,355,358,366,358,367,371,356,364,356,363,363,362,362,371,356,365,356,361,364,361,359,362,359,362,355,355,365,359,365,349,321,350,320,343,336,340,336,323,340,326,342,332,348,339,350,343,332,342,331,349,335,348,348,317,347,317,346,336,340,335,340,356,362,357,361,365,356,369,356,355,369,355,368,361,360,362,358,358,368,354,366,360,363,362,363,359,360,361,361,368,358,365,357,318,346,317,346,336,341,332,342,342,332,342,330,353,349,350,349
8,355,338,356,333,345,353,345,352,344,351,342,350,367,335,364,335,371,382,369,379,374,372,375,371,378,378,375,373,378,383,382,379,377,375,372,375,378,379,383,383,374,380,368,381,374,372,375,374,342,351,342,352,363,333,366,336,357,333,347,338,347,355,345,353,336,348,336,360,358,341,356,343,347,341,351,344,338,361,330,366,380,370,384,367,371,372,370,377,375,374,377,375,382,379,381,380,376,374,376,374,380,381,380,382,379,368,380,370,375,377,370,376,351,340,351,345,336,361,338,360,335,360,334,360,357,344,356,344,340,353,340,353,347,360,356,360,362,335,365,333,356,349,357,351,374,373,377,373,369,381,368,379,378,367,376,369,371,375,377,373,377,367,378,369,376,375,376,377,375,374,377,371,368,379,370,380,363,335,362,335,357,350,358,350,344,353,339,352,356,364,356,360,357,343,357,343,366,347,365,361,337,366,336,365,351,352,349,350,371,378,373,375,379,367,380,367,370,380,370,379,376,375,376,373,368,378,370,379,376,374,377,374,370,379,369,375,381,370,380,367,337,366,338,365,352,354,349,353,358,343,359,344,364,361,366,348
9,353,331,347,333,336,352,342,352,343,350,343,350,364,335,364,334,369,379,368,378,376,370,372,373,371,377,370,375,375,383,377,382,368,377,371,376,377,383,377,378,368,380,367,381,372,371,374,371,342,351,343,351,364,334,364,333,355,332,347,332,344,353,344,354,334,348,334,358,355,343,356,342,351,344,348,343,333,364,337,360,383,366,383,366,371,373,368,371,376,371,374,372,379,378,382,378,376,373,376,373,381,379,380,379,379,366,379,365,371,376,374,374,348,342,351,338,336,365,335,364,332,359,336,358,355,341,356,341,344,353,340,351,355,359,356,360,361,334,363,333,356,350,357,351,374,370,374,370,367,378,369,380,385,369,382,370,377,374,371,375,377,366,381,367,372,374,374,375,376,370,375,369,365,378,366,379,362,334,361,334,355,349,356,350,340,354,342,351,355,365,355,359,355,343,358,342,362,358,364,348,336,365,337,365,350,354,347,351,374,377,374,377,379,368,383,370,366,381,369,379,375,373,375,373,367,378,368,379,375,371,375,371,368,374,374,375,380,369,383,366,336,365,332,364,349,353,349,356,357,342,356,343,363,360,365,349
10,358,344,359,343,357,369,350,366,356,363,358,361,375,348,378,347,383,394,380,395,387,383,385,382,386,392,388,390,391,391,398,396,385,389,389,388,390,389,396,396,382,394,383,395,386,383,389,383,356,364,357,364,378,348,378,347,359,343,357,344,350,369,358,366,348,375,347,374,369,358,368,357,362,358,358,349,344,376,345,374,397,381,397,382,384,389,386,389,390,389,390,387,394,393,393,392,390,388,387,388,393,393,394,390,392,380,396,383,385,389,386,389,361,351,360,358,345,380,344,373,348,374,347,373,367,359,369,359,351,368,351,367,358,373,358,373,378,347,377,348,369,363,367,363,390,382,393,382,381,396,382,393,396,381,395,378,384,388,389,387,396,382,397,382,386,387,388,390,389,383,391,383,382,394,383,394,378,348,378,348,369,362,369,362,356,369,351,367,366,380,356,378,370,356,370,358,375,361,377,373,348,378,343,379,362,367,361,367,385,390,386,386,396,381,394,380,380,393,380,393,390,388,390,387,382,394,382,392,390,386,390,389,383,387,386,390,392,379,397,382,344,375,343,378,362,369,361,367,369,356,368,359,378,375,374,375
11,366,343,366,342,347,366,350,365,355,362,357,362,377,348,375,346,382,393,382,393,384,380,387,382,383,387,384,387,390,395,396,392,382,386,384,386,391,392,391,391,382,391,382,394,385,383,385,383,358,361,355,362,374,348,377,348,356,344,359,345,357,366,349,368,346,373,348,360,369,358,367,356,361,357,361,356,347,378,348,379,392,380,391,376,385,385,383,383,390,388,389,387,394,392,394,391,389,386,392,386,393,391,392,390,395,383,394,382,384,384,385,387,358,350,359,356,342,374,343,378,348,360,348,373,368,355,368,358,350,367,350,366,357,372,357,373,378,345,377,346,367,360,369,362,388,381,389,382,381,393,382,392,389,379,390,382,387,387,387,386,395,378,395,381,388,388,385,388,389,382,388,381,383,393,380,393,377,346,373,347,369,362,368,362,356,367,356,368,358,373,358,377,368,355,366,355,377,361,377,361,348,378,347,378,361,367,359,368,386,386,382,389,393,377,395,382,381,390,380,389,388,385,389,389,381,392,380,393,388,385,389,385,383,386,382,386,390,379,391,380,347,378,346,373,358,365,361,366,366,357,369,356,375,362,375,361
12,337,323,346,323,331,349,332,346,332,334,327,335,350,323,350,323,358,373,359,368,361,364,361,360,362,364,362,363,368,369,367,370,360,365,359,363,367,368,366,368,358,368,359,370,363,360,361,359,328,334,331,335,350,325,349,324,346,324,347,323,332,348,331,343,324,342,324,339,347,331,344,331,339,331,340,331,322,353,324,353,369,356,370,353,357,361,359,359,369,364,364,364,368,370,373,368,364,364,367,364,367,370,367,369,369,353,370,354,360,360,357,361,339,330,337,331,325,352,323,353,320,339,321,345,342,330,344,328,332,346,330,347,339,354,339,351,348,320,350,325,345,333,346,335,368,362,367,361,359,367,358,372,365,355,365,356,362,363,361,363,364,356,366,357,362,363,360,365,367,362,364,362,356,367,358,368,350,319,348,324,346,335,346,334,331,343,331,343,339,352,347,351,342,330,346,328,349,344,350,338,324,352,322,352,338,347,338,343,358,363,358,363,367,356,370,356,359,369,358,368,364,360,369,364,360,369,357,368,366,361,369,365,356,362,358,362,369,356,370,355,324,352,325,352,339,343,339,343,346,330,343,328,349,344,350,345
13,345,324,339,321,330,343,332,342,330,333,328,333,348,324,350,320,359,369,358,373,363,359,366,363,359,363,363,365,366,369,366,368,361,365,363,365,366,371,366,370,359,367,359,368,361,360,361,360,329,335,327,335,350,325,348,321,347,324,339,325,333,346,331,346,320,340,324,338,343,332,343,329,338,333,338,332,324,352,324,352,369,355,370,354,357,360,358,361,365,360,367,365,369,368,369,369,365,360,369,366,371,369,369,368,369,355,369,356,358,362,360,363,339,332,338,330,323,352,324,352,319,337,320,338,343,328,347,328,333,344,332,343,347,353,346,353,348,323,349,323,340,336,347,335,368,361,368,360,357,367,358,372,369,356,366,356,360,365,359,364,366,357,367,354,362,365,359,364,365,358,368,357,357,368,358,366,349,323,349,318,346,337,346,335,329,343,332,342,341,352,346,352,342,331,343,332,349,344,348,344,324,353,325,352,338,347,339,342,359,363,358,363,369,356,369,357,358,368,360,370,366,361,365,366,357,371,358,368,369,360,364,364,358,365,359,366,369,355,369,356,325,352,325,352,339,342,339,345,347,328,345,330,350,337,350,337
14,326,310,323,311,317,334,315,331,318,324,318,324,337,307,334,308,345,354,345,361,348,346,352,347,351,350,350,351,358,355,354,356,350,353,349,350,353,356,354,353,349,353,347,361,348,346,354,346,319,321,320,320,337,310,335,308,333,311,333,310,321,334,319,333,310,323,310,323,333,319,329,319,325,321,325,316,309,338,312,340,355,345,357,345,346,349,347,348,349,347,355,354,358,357,355,357,351,348,351,356,363,357,362,357,356,345,357,342,346,347,347,348,324,321,323,317,308,339,309,338,310,335,307,324,332,318,332,319,319,333,317,333,331,340,324,339,337,310,336,307,332,321,328,323,352,349,351,348,345,360,345,360,357,346,354,343,348,351,347,349,357,346,353,342,350,354,350,350,355,348,351,345,342,360,344,354,334,307,337,310,329,320,332,320,321,330,317,331,323,338,322,338,331,318,331,320,336,322,337,323,309,339,309,339,325,332,325,329,346,351,344,350,356,344,355,343,348,358,348,357,354,348,352,344,349,358,348,356,351,346,350,355,346,350,346,350,354,344,355,342,312,339,310,338,325,332,323,333,329,319,332,318,335,334,337,335
15,334,307,334,310,320,333,320,331,318,321,319,321,334,306,337,307,350,354,344,355,355,348,347,346,349,352,350,350,359,356,353,357,348,351,349,352,354,356,357,355,347,359,349,358,347,349,354,346,318,321,320,321,338,308,335,308,324,311,333,310,317,333,318,330,306,324,311,335,330,318,330,319,323,322,323,319,311,339,311,338,356,343,356,342,345,350,348,348,352,348,352,356,360,358,356,357,351,348,355,348,360,356,355,357,355,343,353,345,346,351,347,349,325,317,326,318,307,340,309,339,310,334,309,322,329,317,332,319,317,332,316,330,333,341,323,339,337,307,335,310,330,321,330,321,350,347,350,346,344,361,349,355,353,343,358,342,349,350,349,351,354,343,354,343,348,349,350,349,351,346,351,349,349,355,342,358,336,311,336,309,330,324,327,320,320,332,317,332,323,337,333,338,331,319,327,318,336,323,336,334,309,338,312,339,325,332,322,332,345,349,347,351,355,342,356,343,350,356,349,356,351,345,349,348,349,357,343,356,355,348,351,354,345,351,345,350,356,344,357,345,308,340,310,340,325,334,325,332,332,318,331,317,334,333,334,335
16,319,306,329,303,315,325,310,326,316,315,310,318,332,306,331,307,338,350,339,350,348,342,350,343,346,346,346,347,349,352,350,355,346,351,348,344,350,352,349,352,343,351,341,350,350,341,349,343,315,318,311,317,331,303,331,305,326,305,318,307,312,326,310,327,308,324,308,326,327,313,329,316,319,313,320,312,302,332,306,333,353,341,353,340,344,343,343,346,347,348,346,343,348,352,351,347,347,343,346,340,352,349,350,352,351,341,350,341,344,347,345,346,318,311,317,312,304,333,304,332,306,326,306,326,328,311,329,315,312,327,313,325,318,333,318,333,332,307,331,307,330,318,327,317,349,339,346,342,337,351,337,353,350,340,349,341,345,346,345,346,349,339,350,343,345,346,345,346,349,341,347,341,342,354,339,348,331,305,332,305,327,320,327,320,312,327,310,327,319,333,328,332,329,314,328,310,332,320,332,326,304,334,303,334,320,327,317,327,344,345,344,345,349,338,351,338,339,347,339,346,345,342,347,341,339,352,339,347,349,343,346,347,343,346,343,346,350,338,352,341,304,333,303,332,320,327,317,325,330,310,330,314,333,326,331,320
17,328,304,319,306,313,327,313,325,316,318,311,319,331,305,332,307,340,353,340,350,343,342,343,343,346,347,347,348,350,352,351,356,345,347,346,346,351,351,349,351,342,353,342,355,343,341,348,344,309,320,310,317,329,306,332,307,329,304,327,306,312,326,311,327,308,325,307,326,329,314,329,314,319,313,320,312,306,331,306,333,350,340,352,341,345,346,343,346,350,342,349,349,350,348,350,352,349,342,346,347,350,348,353,347,352,340,352,343,343,347,344,344,317,311,318,312,305,332,306,333,305,320,305,319,326,310,327,315,311,328,313,326,318,335,328,331,332,308,332,308,329,320,327,320,349,341,346,343,339,354,339,349,350,339,350,341,344,345,347,346,350,341,350,341,346,346,346,347,346,342,346,341,337,354,342,354,331,306,331,305,327,321,327,321,310,327,311,326,320,333,328,333,327,310,330,315,333,319,331,326,306,333,306,333,319,325,320,325,342,345,342,346,352,339,352,340,341,347,342,348,345,347,347,344,342,353,338,347,345,342,347,347,341,346,342,347,352,340,352,340,303,333,303,333,318,326,317,327,328,309,330,315,332,326,331,320
18,330,307,330,306,320,329,313,333,320,326,318,323,337,310,339,309,345,354,344,355,354,347,346,346,351,350,351,348,362,355,359,359,349,351,350,351,353,359,359,359,345,354,344,355,354,345,348,345,321,325,322,324,339,308,337,310,320,306,321,311,321,328,322,330,310,337,311,336,331,322,332,317,325,319,322,314,306,335,311,339,354,345,359,345,348,350,345,349,351,350,351,353,355,355,356,353,352,347,351,347,356,354,356,357,358,347,358,345,348,349,348,352,325,321,321,314,311,334,306,340,310,337,311,336,332,318,332,321,313,329,313,330,321,334,330,337,337,310,342,311,333,326,333,324,351,344,352,344,344,355,344,355,354,345,352,346,349,350,349,349,359,344,361,345,350,349,351,349,350,346,351,345,345,357,348,354,337,310,340,310,332,326,332,324,320,329,321,329,321,341,320,340,333,321,332,321,340,324,339,337,311,336,307,335,325,329,324,329,345,351,349,354,354,345,355,345,343,356,346,357,352,348,352,353,345,356,344,358,351,349,350,352,344,348,348,351,355,346,357,346,310,340,311,339,325,331,323,330,331,319,330,319,340,338,340,336
19,330,312,321,306,316,334,315,329,316,324,322,326,337,310,339,311,345,355,343,355,349,345,349,345,349,353,350,351,359,354,353,356,350,352,350,352,355,358,359,358,349,355,344,356,353,344,348,345,319,324,321,325,337,311,340,310,330,311,329,305,320,330,321,330,310,322,310,323,332,318,331,318,320,316,323,314,311,340,309,333,358,344,356,345,344,350,349,350,351,347,349,353,356,357,357,357,351,347,353,351,357,357,356,356,357,346,358,345,350,348,349,352,325,317,323,315,310,335,306,341,310,325,310,322,332,322,332,317,321,331,313,330,330,340,319,334,338,311,338,309,332,324,329,326,350,345,350,345,346,357,345,356,354,346,355,345,351,352,349,353,352,346,355,345,349,354,351,347,351,345,352,345,345,357,345,354,337,311,339,309,331,326,331,323,321,330,313,330,329,340,331,341,332,320,331,319,340,323,337,323,310,335,312,339,318,331,324,330,351,352,345,349,354,345,358,345,344,357,343,355,352,352,351,348,342,357,344,357,350,347,350,348,345,350,345,351,360,346,353,345,311,340,311,335,325,329,324,328,333,320,331,321,338,337,338,337
20,346,320,344,321,336,344,326,340,331,336,332,337,353,323,351,323,357,368,358,369,361,361,360,361,368,369,359,365,365,373,365,371,365,364,360,364,367,371,370,367,357,366,358,369,362,359,361,359,331,338,332,339,348,323,353,323,344,319,345,322,333,342,329,343,324,346,323,337,342,331,345,332,339,326,339,328,327,348,326,354,368,360,368,355,359,366,363,358,365,359,363,363,370,368,370,370,364,361,363,360,369,369,369,370,370,356,368,359,358,358,363,364,338,333,337,332,319,348,327,349,322,336,325,334,343,332,346,329,328,340,332,342,344,354,334,353,354,324,350,322,343,339,345,337,362,361,363,361,357,370,357,369,366,359,365,359,358,364,367,366,371,359,365,358,363,365,361,365,366,361,364,359,355,367,356,370,354,323,350,323,346,338,345,338,329,340,328,340,342,348,335,354,346,331,345,330,351,337,351,336,318,354,320,354,337,340,335,344,362,365,359,362,373,357,368,354,357,367,355,368,365,362,365,363,357,369,358,369,363,361,364,361,358,364,358,362,366,358,372,353,325,349,322,348,340,340,338,340,346,330,346,331,353,337,352,346
21,345,325,336,327,334,342,328,340,331,338,332,338,353,323,351,323,355,370,358,370,360,362,361,361,365,366,360,365,366,372,368,368,363,362,365,365,370,369,371,366,355,368,356,368,361,360,363,359,331,336,331,340,351,322,350,321,343,327,336,320,328,339,332,340,323,349,324,337,345,330,345,331,338,333,337,333,321,349,321,354,367,353,366,360,360,360,363,360,365,362,364,364,368,369,368,368,366,362,365,360,369,370,370,369,368,356,368,354,364,364,360,364,340,332,339,334,327,354,322,353,323,337,321,348,346,330,346,330,328,340,332,343,334,353,333,353,353,324,351,323,345,338,344,339,365,361,365,360,357,369,356,367,370,358,371,356,360,363,359,364,370,355,370,353,363,362,365,365,364,361,364,361,357,368,356,369,353,323,352,323,345,338,345,337,329,342,328,343,344,354,342,353,345,333,344,331,351,336,354,347,325,353,325,348,337,342,338,343,357,362,359,365,368,354,372,355,357,369,357,368,364,360,362,360,358,368,356,367,364,363,364,360,358,364,360,364,373,357,371,358,326,354,322,349,336,341,337,343,346,331,345,332,352,348,354,348
22,345,336,353,335,337,356,338,355,344,350,344,350,366,337,366,336,370,385,371,381,374,370,374,370,377,375,376,375,384,380,384,382,376,378,379,376,379,382,380,383,371,380,370,380,377,371,377,370,344,349,347,352,365,336,366,337,355,336,357,334,340,354,339,355,336,350,337,350,357,344,357,343,347,345,346,338,335,367,334,367,379,371,380,371,374,373,372,377,379,374,378,375,381,380,382,382,377,373,378,375,383,381,382,382,380,371,386,370,372,375,372,377,350,339,349,345,335,367,333,359,337,350,336,351,356,342,357,346,339,355,346,355,354,366,346,367,366,338,364,336,356,351,358,352,377,370,378,370,370,381,372,382,386,366,386,371,377,377,373,374,385,370,379,371,376,378,373,376,378,368,377,371,370,381,370,383,364,335,363,337,357,350,356,352,338,355,345,354,347,368,346,366,357,346,357,347,366,351,366,362,336,366,335,367,350,356,350,356,373,379,374,375,383,371,384,368,370,378,370,379,378,377,377,374,370,378,371,381,376,376,376,376,371,376,373,378,383,366,384,368,332,362,333,363,348,355,346,355,357,346,358,343,365,364,366,350
23,346,331,346,330,339,356,345,356,348,351,346,350,365,335,364,337,371,383,372,383,372,371,373,371,374,378,376,378,385,380,379,380,379,376,373,375,377,382,380,378,371,383,369,382,376,371,378,370,347,349,344,352,365,336,363,335,347,336,347,336,345,355,339,355,336,362,337,363,355,342,357,347,348,339,348,345,331,367,330,362,380,368,383,368,372,373,370,375,378,377,377,376,383,379,383,379,378,374,378,377,382,378,379,380,379,368,380,367,371,369,372,377,347,345,350,346,331,362,336,362,337,362,337,351,358,346,353,345,339,356,337,354,345,367,353,366,363,336,365,337,357,350,358,349,377,370,378,371,371,382,370,383,385,369,385,371,374,372,373,376,386,371,382,368,373,377,373,375,378,370,378,371,371,381,372,383,365,334,363,337,358,351,357,350,344,354,346,356,356,370,355,366,357,344,357,344,364,352,365,350,331,361,332,362,350,356,350,355,371,375,374,378,380,370,380,368,370,379,370,382,379,374,376,377,370,381,371,381,378,373,378,378,375,376,375,376,383,366,384,371,336,366,334,367,347,354,348,356,357,347,356,346,363,350,365,350
24,337,313,338,315,323,336,320,337,321,324,319,324,341,307,339,309,349,364,348,364,354,352,354,353,347,353,352,354,358,359,356,362,349,356,349,355,357,359,356,358,349,358,348,358,354,351,349,351,318,323,319,325,340,313,339,312,328,314,330,315,322,333,321,332,314,327,310,328,332,320,331,321,330,322,328,322,314,345,313,341,358,346,359,344,347,351,348,347,357,352,354,354,358,357,358,359,355,356,358,354,359,361,358,360,360,346,358,346,348,353,348,350,327,318,328,322,315,342,314,343,313,334,314,335,337,322,332,322,319,335,321,333,329,343,328,342,340,314,338,311,336,325,336,324,354,353,358,352,350,363,349,364,355,346,357,344,353,353,350,354,357,347,356,345,348,352,350,353,355,352,358,351,347,359,347,364,340,310,340,312,332,325,333,324,321,333,318,336,329,341,337,343,335,320,330,319,338,334,337,329,314,343,311,342,328,336,329,333,348,354,348,355,359,344,360,345,348,358,348,359,354,351,358,352,347,358,350,362,355,353,355,357,348,353,348,353,360,346,360,343,315,341,313,343,329,336,328,336,336,319,334,319,336,328,338,328
25,329,312,337,313,321,330,321,333,317,322,316,324,340,307,337,313,346,358,348,358,349,349,352,349,346,352,349,351,354,358,355,363,353,354,352,351,356,358,356,359,348,362,345,362,350,348,348,351,316,324,322,322,340,313,337,309,329,313,336,313,319,331,320,331,308,332,308,333,337,319,332,320,328,320,327,320,313,343,314,342,358,345,358,345,349,350,347,349,357,351,354,354,361,359,357,359,352,354,353,353,357,357,362,356,361,346,359,341,347,351,347,351,327,319,328,319,314,341,312,342,308,332,309,331,332,319,330,318,319,333,321,333,336,340,328,342,340,310,338,312,331,325,333,325,352,348,356,349,347,356,346,358,356,344,353,345,351,353,351,353,358,344,355,344,349,354,351,352,354,347,352,349,348,363,347,362,339,307,338,308,335,323,335,323,321,331,319,331,328,341,328,342,335,318,333,319,338,334,338,326,310,341,312,341,329,332,329,335,345,354,348,353,358,344,359,346,347,359,347,359,353,350,357,349,347,357,346,357,354,351,358,350,348,353,347,353,358,344,358,345,313,341,311,342,328,336,328,336,331,320,331,317,337,333,338,333
26,315,297,323,300,312,321,307,323,308,314,309,310,324,300,326,301,339,349,339,345,338,338,345,337,340,338,341,341,344,346,347,347,337,340,340,343,343,345,347,347,332,345,334,345,338,338,339,337,308,311,307,313,326,299,325,300,313,299,322,299,304,322,307,322,298,324,297,324,322,309,322,306,313,312,312,309,301,329,302,330,346,336,346,333,337,342,337,339,345,340,346,344,345,347,349,344,339,344,341,345,350,348,343,348,346,333,345,337,336,340,337,338,315,311,313,307,301,327,302,328,301,312,300,314,321,309,320,307,305,322,311,323,313,328,314,330,328,297,325,298,322,311,321,313,341,338,344,336,334,347,334,349,347,335,343,333,340,340,341,340,344,335,347,332,341,341,339,341,342,336,344,337,339,345,333,350,328,299,327,301,321,314,322,314,310,320,308,323,323,330,313,328,320,308,320,308,325,312,325,324,300,329,300,329,315,320,314,322,336,341,335,341,347,336,347,336,334,345,339,347,343,342,340,346,333,347,334,347,346,345,341,338,336,340,335,340,346,336,348,333,299,328,300,327,313,322,315,322,320,309,317,309,327,312,326,325
27,323,300,320,298,307,322,310,321,307,310,307,312,326,296,326,297,334,349,337,343,343,335,344,336,340,338,342,339,347,346,349,344,339,340,337,338,347,345,342,345,331,343,336,343,337,336,337,336,307,313,307,311,325,296,325,300,313,300,320,300,306,321,310,322,296,312,294,312,321,308,321,308,312,306,312,306,299,327,299,327,345,330,345,332,336,339,331,338,341,337,340,342,348,345,349,346,345,336,340,338,349,346,349,347,345,332,345,332,335,339,337,338,313,305,313,307,298,327,298,328,297,313,299,313,320,307,321,307,308,319,307,323,322,328,313,327,325,296,325,297,318,311,320,310,343,336,343,337,336,344,333,344,342,331,342,334,340,341,335,341,346,331,346,330,335,342,337,338,340,336,344,336,339,341,333,344,326,297,323,297,319,309,321,309,310,320,307,321,312,327,312,328,319,308,320,306,322,313,324,323,298,330,300,328,313,323,311,320,334,341,335,341,342,335,346,334,333,346,339,345,343,342,340,344,334,345,332,347,344,337,340,341,335,339,334,338,345,335,346,334,298,329,300,329,314,322,313,323,318,308,320,308,327,323,327,323
28,318,295,317,297,301,315,302,315,299,310,301,308,321,295,322,298,327,341,329,340,338,333,337,333,336,336,337,335,340,341,340,340,335,337,336,337,340,342,342,343,327,339,330,343,333,333,338,332,300,310,305,308,323,294,322,298,306,297,316,295,301,316,302,315,298,316,297,310,320,300,319,298,307,301,307,301,296,323,294,323,341,332,341,331,332,337,333,337,338,336,339,337,344,341,343,342,338,332,337,332,340,338,341,343,343,330,342,329,332,336,332,335,307,302,307,302,294,322,295,323,296,310,295,309,317,300,318,299,300,317,303,316,319,322,308,322,321,300,322,294,320,307,319,307,338,332,338,333,331,344,328,343,340,330,339,331,334,337,335,336,340,330,340,329,337,336,337,336,336,331,339,330,330,340,330,344,322,295,322,298,317,307,320,307,301,315,301,316,308,324,308,322,319,299,317,300,322,308,321,309,293,322,297,323,308,316,310,316,335,336,332,336,344,331,341,330,329,343,330,344,336,334,334,332,332,338,329,338,338,336,339,338,334,337,335,336,342,331,341,331,294,322,297,323,307,313,308,318,317,301,319,305,322,315,322,316
29,310,293,308,293,301,317,298,318,302,306,299,309,321,294,320,297,329,343,328,342,338,331,332,332,335,336,335,335,339,339,339,340,334,336,333,336,338,338,336,339,330,339,330,339,331,330,332,329,303,311,304,306,321,294,320,296,315,293,307,295,301,315,299,315,296,309,294,309,316,299,317,304,308,300,307,301,292,322,295,322,340,330,340,329,332,334,334,334,335,336,336,330,342,336,339,341,336,332,339,337,339,341,339,336,341,330,341,330,332,335,332,334,306,300,307,300,293,322,293,320,294,316,297,314,318,305,319,304,300,315,301,316,318,323,308,322,321,295,320,294,319,310,314,306,335,329,337,330,330,339,331,338,339,329,336,331,334,335,334,335,339,330,340,329,335,335,335,335,336,330,334,330,330,339,325,339,320,297,321,295,317,311,316,306,301,314,301,316,317,322,306,323,319,300,318,303,320,314,321,315,293,321,296,322,306,315,307,315,331,335,331,335,341,329,339,329,326,337,331,341,332,332,338,332,330,336,331,336,335,331,336,337,332,333,332,336,341,330,340,328,296,321,293,322,306,316,308,315,318,303,316,299,321,307,323,315
30,311,302,309,295,306,319,305,320,309,315,309,314,327,302,327,298,337,346,334,346,343,335,343,336,342,339,341,339,350,348,350,348,340,341,340,342,350,344,345,347,334,344,336,345,343,336,342,334,312,315,307,315,327,301,330,300,312,296,311,296,311,319,311,319,300,313,301,328,322,309,322,312,311,310,315,310,300,323,301,326,346,338,345,335,339,343,340,340,341,342,340,339,347,345,345,345,342,337,339,337,346,349,345,346,349,334,344,333,338,341,340,340,314,310,312,311,297,329,301,325,300,313,301,325,321,311,322,308,311,319,305,321,321,331,320,330,331,300,327,298,321,314,322,313,339,335,342,334,335,346,336,348,350,336,344,336,340,342,338,341,342,336,342,336,339,339,339,343,342,335,338,335,335,345,337,345,329,299,327,301,322,317,321,317,311,319,312,319,310,325,320,331,321,310,321,308,330,326,328,327,297,325,296,330,314,319,313,321,333,340,336,338,349,334,347,336,336,344,335,348,341,342,340,341,335,345,335,347,341,343,341,339,335,340,337,342,344,335,347,335,301,325,296,325,311,320,315,319,320,308,322,311,331,326,330,313
31,310,301,309,300,310,319,310,319,307,315,309,314,326,299,329,301,335,344,334,344,336,334,340,335,339,338,339,339,340,343,349,347,339,339,338,339,349,341,344,343,332,343,333,344,337,336,342,333,307,314,310,315,329,298,329,300,310,301,310,295,310,319,301,319,300,325,300,324,321,309,320,307,314,304,315,309,299,329,294,328,344,333,347,334,338,340,334,338,341,335,339,342,346,347,345,347,340,342,340,341,345,347,344,343,349,332,343,334,338,336,338,344,312,310,313,310,297,326,296,329,299,313,298,325,321,308,321,307,310,319,305,318,309,323,310,329,329,299,328,299,321,314,322,313,341,335,340,334,335,346,333,343,348,334,349,335,341,340,340,342,342,335,342,333,338,339,337,339,340,335,338,335,332,344,335,343,329,299,328,299,322,315,321,313,304,320,310,318,320,323,317,324,321,307,319,310,326,312,327,327,295,326,295,328,313,318,313,320,338,340,334,340,344,335,343,335,335,344,332,345,340,337,341,336,333,344,334,346,339,342,340,340,335,339,334,340,343,332,344,332,301,325,295,324,311,320,313,318,321,307,321,307,330,325,328,325
32,336,312,335,337,318,330,325,334,322,327,346,327,345,313,341,314,347,384,346,358,352,348,351,348,376,354,350,354,360,359,356,383,355,355,350,354,356,361,382,364,349,358,348,359,352,375,351,351,321,328,322,328,366,313,342,313,325,315,334,337,323,330,322,333,313,337,338,327,332,320,335,320,331,345,328,325,311,343,315,338,385,344,360,349,347,355,347,375,354,353,355,352,359,357,382,359,354,351,355,352,360,384,360,359,361,345,361,348,374,355,352,356,328,323,325,344,316,344,317,342,311,326,338,338,338,321,334,321,323,355,321,333,325,337,332,339,367,313,342,313,335,328,334,353,354,349,354,350,346,358,372,360,362,345,363,347,353,379,354,354,361,343,360,346,375,353,350,352,355,352,355,375,345,358,345,359,343,313,366,312,335,330,335,329,322,357,322,330,334,339,325,343,361,323,334,322,342,338,343,354,315,339,316,343,327,327,352,333,352,355,353,353,356,370,361,349,348,359,345,359,380,351,353,351,347,359,348,384,356,353,354,351,349,356,374,354,356,343,362,345,309,364,313,337,326,334,327,328,361,323,335,321,343,328,343,352
33,325,314,333,315,318,333,323,332,320,329,319,326,344,312,342,312,345,358,346,357,351,350,351,348,352,352,353,352,356,359,359,358,354,354,355,355,355,361,360,358,345,357,345,357,351,349,350,349,322,327,322,325,342,312,340,312,334,314,333,310,322,329,316,330,310,336,312,326,333,319,334,323,327,318,325,323,315,341,310,338,355,349,357,344,348,349,350,350,353,350,352,351,357,358,357,359,352,351,353,350,357,357,354,359,358,347,358,344,348,350,350,349,326,317,325,315,315,336,310,344,312,326,313,325,334,321,334,320,320,330,323,333,329,342,325,342,339,312,338,312,334,326,334,325,354,348,353,349,344,357,347,357,359,344,359,344,353,353,348,351,359,343,355,348,354,352,348,351,353,349,352,348,345,358,345,358,339,313,340,310,334,329,333,328,317,329,317,329,333,341,324,338,333,319,334,320,341,326,340,336,315,336,315,337,325,329,326,329,353,356,347,352,358,345,357,344,346,358,345,356,353,350,354,350,343,356,347,357,351,350,353,351,350,355,347,353,362,348,356,347,316,337,310,339,328,330,328,332,334,320,334,318,342,336,340,325
34,337,326,337,321,335,345,334,343,336,340,334,339,354,327,356,325,360,369,361,371,367,362,365,360,366,368,364,366,375,373,373,370,366,368,367,366,369,374,369,370,360,372,361,373,365,361,368,361,334,339,333,341,355,326,354,324,336,326,336,325,335,345,330,346,327,340,326,340,347,334,348,335,337,333,341,336,326,352,325,357,371,359,374,360,363,363,365,367,368,364,366,367,372,367,371,370,368,364,369,363,372,372,373,371,370,358,374,358,360,364,363,364,340,335,339,335,322,351,326,356,326,352,326,352,347,333,348,335,335,346,329,346,336,357,336,352,353,325,356,324,345,340,346,341,367,361,367,360,361,372,362,372,375,357,376,361,364,363,368,368,369,361,369,361,362,365,367,367,369,360,368,360,361,372,360,371,354,326,354,326,348,340,347,341,329,345,336,346,345,357,336,352,348,338,347,335,352,340,353,340,321,352,322,353,338,345,337,346,360,367,364,366,371,356,373,361,361,370,360,371,367,367,369,367,361,369,361,368,368,364,368,364,361,367,362,364,374,357,371,358,325,349,323,358,341,345,338,346,349,336,346,335,356,352,355,352
35,336,320,336,321,334,345,335,344,335,339,333,338,355,323,354,328,360,372,359,370,365,361,365,359,366,363,363,367,379,373,368,373,362,366,362,367,368,370,375,373,361,371,358,370,362,360,364,359,333,340,333,340,353,325,355,325,336,326,336,325,328,344,334,345,326,351,326,340,345,333,347,333,338,328,339,334,322,350,324,350,370,358,369,360,361,362,364,367,367,362,367,367,371,367,370,372,367,364,367,363,371,367,372,373,372,357,369,358,362,365,360,362,337,334,337,328,324,349,324,350,325,351,325,339,346,333,346,336,329,343,329,345,335,356,344,351,351,323,352,326,347,342,346,339,366,359,364,361,357,372,357,368,373,358,374,359,364,366,365,365,368,360,368,357,363,365,364,365,367,360,367,360,359,370,359,370,355,325,352,324,347,340,347,340,336,345,334,343,335,357,344,351,347,335,347,335,353,340,352,351,321,351,324,354,338,345,338,343,363,364,361,365,370,360,369,358,358,371,360,370,369,364,365,364,359,369,360,371,366,365,367,365,361,364,363,364,369,358,373,357,325,349,325,351,339,341,336,343,346,332,345,333,354,350,354,351
36,341,320,343,319,326,341,325,341,325,330,326,329,345,318,345,317,354,364,354,364,361,357,356,354,354,361,359,361,364,364,362,366,355,360,354,361,365,366,363,365,353,367,355,365,359,355,360,354,325,330,323,328,345,318,344,319,335,319,334,319,326,338,327,339,316,338,319,333,342,325,342,326,333,324,332,326,321,347,318,348,363,349,365,351,354,358,354,355,361,359,360,356,364,366,368,364,362,357,362,357,369,364,368,366,363,351,365,350,353,354,355,355,335,325,333,328,318,347,320,347,319,339,315,338,344,325,338,327,327,342,324,342,334,347,341,347,346,318,346,318,339,329,341,328,359,356,357,354,353,368,353,368,360,351,360,350,353,359,355,358,359,351,361,351,357,357,359,360,363,356,359,355,352,368,353,362,344,318,344,315,337,328,339,330,326,341,326,337,341,348,334,349,339,325,337,325,346,339,345,339,320,347,319,347,333,340,333,338,353,358,354,358,365,349,362,348,353,365,354,363,361,355,362,354,354,364,351,364,362,356,359,360,353,357,353,360,364,350,364,349,319,348,318,348,332,341,333,339,338,326,338,327,344,334,345,333
37,333,318,335,319,325,338,327,337,326,329,327,330,346,318,344,314,355,365,353,365,361,358,360,357,355,360,357,359,362,368,366,365,357,360,358,360,364,365,362,364,355,363,355,368,359,359,361,355,325,331,325,328,344,314,346,314,341,319,340,318,328,337,324,341,318,333,313,339,343,327,339,324,335,326,333,326,320,347,318,349,364,352,364,352,353,359,355,354,363,356,359,359,370,362,364,368,364,358,360,362,365,365,362,367,364,351,366,348,351,356,354,356,337,324,332,326,318,346,319,347,318,339,314,330,339,326,341,326,325,340,323,340,341,346,333,348,344,314,345,314,339,328,337,328,363,357,361,357,352,364,353,363,361,350,362,353,352,359,357,358,362,349,362,350,353,360,357,357,364,358,361,357,352,364,352,364,343,318,343,316,339,330,338,329,326,337,327,335,334,347,332,347,337,323,341,325,343,334,344,338,318,347,319,347,333,337,332,337,354,359,354,359,365,351,364,352,352,363,353,365,360,361,364,357,354,363,353,362,365,360,359,356,353,359,353,357,364,349,365,351,320,347,318,347,333,341,332,342,338,323,336,328,345,339,344,338
38,331,315,330,316,328,339,328,338,323,329,325,327,340,313,342,313,356,361,356,361,353,355,362,352,357,357,357,357,360,363,365,361,354,354,357,357,365,362,363,363,355,362,356,367,361,356,355,355,327,331,325,327,340,313,342,315,340,315,340,318,323,339,325,339,317,329,317,340,337,328,339,326,330,326,330,325,318,347,318,345,363,352,366,350,354,356,354,356,362,353,358,355,366,364,361,365,363,354,361,361,367,363,367,364,364,353,362,352,352,354,353,356,330,326,331,325,318,346,316,346,317,342,314,341,340,326,339,326,327,340,324,339,330,345,330,347,343,317,343,314,337,330,340,331,361,353,360,352,351,362,350,361,360,347,363,351,357,356,356,358,364,352,365,352,354,357,354,358,358,353,362,355,351,367,356,365,342,317,343,315,337,331,336,330,328,338,323,340,330,346,340,347,338,325,338,325,341,341,344,330,316,345,319,347,330,339,331,338,353,358,352,354,362,352,363,350,355,363,350,364,358,354,357,355,351,363,351,364,361,361,361,353,351,358,353,358,363,350,363,348,318,345,318,346,331,340,330,339,336,327,338,325,343,341,344,340
39,331,316,331,318,326,338,328,340,325,329,325,328,343,314,343,317,356,361,351,361,355,355,354,355,357,357,357,358,360,362,364,363,356,355,356,356,369,363,364,362,351,365,356,361,362,352,363,354,326,331,325,330,342,315,344,317,340,319,341,319,328,339,324,340,317,330,318,330,339,325,339,326,331,323,331,324,317,347,317,346,362,353,361,352,354,355,354,356,359,354,356,355,362,364,367,361,363,353,362,353,359,364,366,362,361,351,364,350,353,356,352,353,331,324,330,329,318,346,318,345,319,341,315,331,336,327,337,326,322,340,324,340,331,345,331,346,343,314,342,317,336,328,337,330,361,353,361,353,356,367,356,361,362,349,360,352,354,359,357,356,365,353,365,349,356,358,356,356,359,354,357,354,356,368,350,361,342,318,342,316,337,331,336,327,328,340,327,340,340,346,330,347,338,326,338,325,343,341,341,331,315,347,316,346,331,339,331,339,352,357,353,358,364,352,364,352,355,362,351,365,361,356,358,359,356,364,354,365,362,353,358,362,354,355,351,359,364,350,362,348,318,346,319,346,331,339,329,341,338,327,336,326,342,341,346,331
40,325,312,335,311,318,334,319,333,317,328,321,325,338,312,338,315,346,361,344,358,355,349,357,349,352,352,353,353,357,358,356,358,352,352,355,351,356,359,356,359,346,355,348,357,354,348,350,349,316,324,321,324,338,313,338,315,335,310,325,313,319,333,319,332,311,326,314,331,335,317,335,322,327,320,324,320,313,340,314,339,359,347,358,348,352,352,350,352,355,355,356,354,357,359,356,359,354,349,353,350,362,354,361,354,359,347,358,347,351,351,350,351,324,318,324,318,312,339,311,340,313,334,313,325,337,317,336,322,318,333,318,331,334,339,325,339,338,314,338,314,334,328,333,328,356,348,352,350,346,361,349,360,356,347,357,348,353,353,351,352,358,346,356,347,352,353,351,353,355,349,354,349,348,361,345,361,339,314,338,314,337,327,336,327,317,334,319,334,326,340,334,339,334,322,336,318,338,333,338,325,310,340,312,339,324,333,324,332,351,353,349,353,360,346,358,347,346,359,348,353,354,354,353,354,347,358,346,359,353,348,352,351,351,353,351,353,359,345,360,347,312,339,310,340,328,334,325,335,334,317,335,323,340,334,338,327
41,325,311,329,310,318,333,319,333,318,324,322,323,339,312,339,312,349,356,349,360,355,350,350,349,353,354,354,353,356,358,356,358,352,353,352,353,357,359,356,360,347,361,349,361,349,348,355,350,320,328,322,328,339,315,338,316,325,314,325,313,320,333,320,333,312,327,315,332,334,321,336,316,327,320,326,318,313,341,313,340,358,347,359,348,350,354,351,351,356,350,353,350,359,360,355,359,353,349,353,348,360,355,356,355,360,345,358,347,350,352,351,356,327,318,327,319,310,340,313,339,312,327,312,327,330,320,335,321,318,332,320,333,335,339,335,341,339,313,339,312,333,328,335,327,354,349,355,347,348,357,344,362,355,348,355,348,354,352,355,352,356,347,356,348,353,353,351,353,354,349,354,350,349,357,346,357,339,312,337,312,334,322,336,328,318,333,320,333,326,341,325,340,333,319,336,322,338,333,338,332,311,340,311,342,323,334,327,335,349,354,350,353,357,349,357,347,348,355,344,359,355,354,351,348,348,358,347,355,353,351,353,355,350,354,350,353,359,347,359,347,314,341,311,341,328,333,325,333,334,316,336,316,339,332,338,332
42,339,313,327,319,323,338,323,337,325,331,326,332,348,318,347,316,354,361,352,364,360,353,360,353,356,357,359,359,364,362,361,362,358,356,358,356,361,366,368,363,354,363,351,361,363,353,361,352,327,333,324,332,344,316,346,318,330,317,339,314,323,338,323,338,317,347,317,330,337,328,338,330,331,328,331,322,314,343,314,343,363,357,365,354,355,362,351,359,359,354,356,359,363,365,362,363,358,354,358,360,362,362,364,366,365,354,371,352,354,358,356,358,330,328,333,322,313,343,314,347,317,331,317,343,340,328,340,326,328,336,321,337,337,341,338,343,344,317,345,317,338,332,339,332,359,353,357,354,351,360,349,361,360,351,366,351,358,360,357,359,361,353,359,351,356,357,357,359,358,350,356,354,352,363,354,366,344,317,348,317,339,331,339,333,322,337,320,337,328,342,329,342,338,325,338,330,345,331,347,330,318,342,313,341,332,337,328,336,352,357,355,359,365,352,358,352,353,361,352,361,358,360,357,358,350,365,351,364,358,357,356,359,352,356,355,357,366,352,365,352,313,342,313,346,331,337,331,338,339,329,338,326,348,331,342,330
43,328,312,335,319,326,337,348,336,325,330,326,332,346,341,345,315,352,362,352,361,380,351,359,352,357,356,359,382,362,366,368,361,358,355,381,360,360,365,361,362,352,387,350,364,354,353,362,352,350,333,327,332,345,319,343,342,339,313,328,315,330,337,348,337,316,346,319,345,338,349,339,326,332,323,332,330,339,347,319,347,365,355,362,376,355,357,351,359,360,353,382,355,363,364,362,362,360,380,357,355,364,365,362,362,388,352,370,353,353,358,355,382,329,328,332,329,317,347,340,341,316,330,316,343,339,352,340,326,322,337,321,335,354,342,328,341,346,317,347,341,340,331,339,331,359,352,381,354,351,363,353,363,360,377,362,353,358,359,358,360,387,351,366,352,358,357,356,382,356,353,358,352,349,362,375,362,347,318,344,316,339,357,338,329,322,336,322,337,353,342,328,347,338,325,339,352,348,344,348,342,319,348,340,342,328,337,330,336,356,383,353,358,365,353,361,351,377,364,351,362,356,355,359,380,353,362,349,364,359,356,384,360,352,357,357,359,366,378,360,352,313,342,318,346,355,336,331,338,339,326,338,352,347,344,347,344
44,342,328,343,327,341,348,335,347,338,345,338,344,360,329,360,330,363,375,363,375,367,367,369,368,367,371,367,371,373,373,371,379,367,373,372,373,372,375,374,373,365,377,364,377,370,366,369,367,339,344,337,345,358,331,357,331,342,331,351,327,335,345,335,349,330,354,330,355,351,338,352,338,346,340,341,335,328,356,328,354,375,362,378,361,369,372,367,372,371,370,371,367,376,376,375,376,372,368,371,368,377,375,377,374,378,361,379,362,365,372,370,367,344,336,344,335,326,360,332,357,330,344,330,353,352,337,353,338,335,350,340,349,351,361,342,356,358,329,359,330,351,345,351,343,372,367,372,367,362,375,364,376,371,362,377,362,366,370,367,372,373,363,374,365,371,370,372,371,372,369,371,367,363,376,364,376,360,328,361,330,351,346,352,346,337,348,335,350,343,359,348,359,351,339,351,338,361,354,361,343,328,361,327,355,344,348,344,347,365,370,364,371,376,366,374,365,363,376,364,376,373,366,371,369,364,376,362,376,371,368,371,368,368,372,370,373,377,364,375,361,329,355,332,360,346,350,346,350,352,339,352,338,361,343,363,344
45,351,332,343,332,341,347,338,350,339,344,339,346,360,329,359,330,364,374,363,377,369,367,367,366,367,370,367,371,372,374,379,378,368,370,372,373,378,374,379,376,366,375,363,379,369,368,369,367,336,344,338,346,362,330,360,331,342,328,351,327,340,347,338,350,330,353,330,344,352,338,353,335,341,341,347,335,333,354,328,362,375,364,376,361,370,370,366,372,371,368,373,369,374,377,376,378,372,367,371,368,376,373,376,376,376,366,379,366,367,371,364,367,347,335,346,341,333,361,328,359,329,344,331,344,352,338,352,339,334,347,335,349,350,356,351,360,358,328,358,330,352,347,352,344,372,367,372,367,363,375,362,376,377,365,377,365,367,373,366,370,377,366,378,367,366,371,365,370,371,368,371,368,364,376,364,375,361,329,358,331,352,347,353,344,340,350,335,347,351,356,342,360,353,338,352,340,355,343,359,353,329,361,333,356,346,348,346,349,368,372,365,370,379,366,379,362,363,376,362,376,371,370,370,365,363,376,365,377,372,369,371,368,369,371,366,369,375,363,378,363,333,360,333,360,346,350,347,349,352,338,351,339,359,343,358,354
46,353,341,362,339,345,360,346,360,351,358,353,357,373,345,370,342,382,391,377,388,383,377,383,377,380,385,383,383,386,390,392,391,382,382,385,386,386,390,386,391,377,387,377,388,383,379,383,377,355,357,354,358,370,344,373,342,353,339,361,342,343,362,352,363,341,367,344,356,363,353,366,354,357,352,357,346,342,370,343,368,387,375,391,375,377,384,381,383,383,381,385,384,389,386,386,386,384,384,386,383,389,388,388,386,388,376,387,375,381,383,382,380,358,350,354,353,342,370,339,375,344,357,342,368,364,350,364,351,346,362,353,363,352,368,361,373,369,342,373,342,363,359,364,358,385,378,382,378,377,390,378,388,391,375,391,374,380,381,382,383,393,376,386,378,384,385,379,383,384,376,384,377,378,388,376,390,372,342,370,344,364,359,365,359,351,361,353,362,361,374,353,372,365,354,364,350,372,369,368,369,339,369,338,369,353,362,358,363,382,383,380,383,390,378,387,377,378,385,376,389,385,382,385,383,379,386,377,386,384,384,385,385,381,384,380,385,390,378,389,378,339,369,343,374,357,362,357,362,364,353,363,354,371,369,371,368
47,353,343,353,339,352,361,352,363,351,358,353,358,370,340,371,343,375,389,377,390,381,378,380,378,384,385,383,384,387,390,386,388,383,386,383,383,393,390,392,388,378,388,377,390,384,378,380,378,353,359,351,359,370,341,370,340,353,339,360,338,351,362,346,361,344,357,343,368,364,353,365,353,355,346,357,346,342,370,339,368,391,376,392,378,378,380,379,379,387,384,383,383,389,386,390,388,385,380,385,384,389,386,389,387,392,377,388,378,380,380,378,381,354,352,357,347,342,369,339,374,344,359,344,358,363,351,364,352,345,362,351,361,353,371,361,369,370,345,373,343,364,358,365,357,386,377,384,378,378,390,378,388,386,374,388,378,380,383,382,382,392,376,393,377,383,384,378,382,383,378,385,378,378,390,378,389,373,343,372,343,364,359,364,358,346,363,352,363,362,374,353,369,364,353,364,352,373,369,369,369,343,375,342,372,356,364,357,363,378,385,380,384,387,378,390,376,378,388,378,388,385,384,385,384,378,385,377,388,384,384,384,384,382,383,379,382,392,377,392,379,342,373,343,374,358,362,357,362,366,350,364,355,373,369,372,365
48,323,308,331,307,315,328,316,330,313,320,314,319,334,307,332,304,342,353,342,359,345,346,345,347,344,348,346,350,349,353,350,355,345,347,348,348,351,353,351,353,341,354,341,357,345,344,349,347,311,320,315,319,332,305,334,304,329,308,331,309,314,330,314,326,308,328,304,328,328,312,329,310,323,316,322,315,308,337,310,336,353,339,354,340,342,342,343,344,347,346,353,348,356,354,357,355,354,346,351,346,352,356,351,356,353,339,354,340,343,347,342,345,323,316,321,315,307,337,308,336,304,327,304,329,326,312,330,312,317,329,314,326,331,337,325,337,331,303,333,308,325,320,326,317,352,344,352,341,341,352,343,356,349,341,350,340,343,349,346,348,351,338,351,339,346,348,343,349,352,346,352,343,340,357,342,357,331,304,332,306,327,318,326,319,316,327,315,326,331,336,326,336,330,315,330,314,334,322,335,328,309,337,307,336,323,326,321,331,341,347,341,344,354,337,353,339,341,353,341,355,348,346,351,346,343,352,341,354,353,351,350,349,340,348,345,348,351,340,353,341,307,336,307,336,323,326,323,330,326,312,330,312,333,322,333,329
49,331,308,330,310,314,326,316,327,312,318,319,319,332,307,333,309,345,357,342,353,345,343,348,344,344,348,347,349,351,354,350,352,347,346,343,349,350,354,351,354,342,352,342,352,346,344,345,346,312,319,315,316,335,304,332,308,331,308,323,308,314,326,315,327,309,321,307,328,326,314,327,315,323,314,322,314,307,338,308,336,354,339,352,338,342,344,343,346,349,345,349,345,358,353,352,354,354,349,349,349,358,354,358,355,354,338,354,338,343,345,343,346,323,315,323,314,308,337,305,337,305,321,303,327,327,312,326,312,315,327,316,326,322,336,331,335,333,304,333,305,327,320,332,318,353,343,347,343,342,356,341,352,348,338,348,337,344,346,343,348,350,338,351,339,347,347,344,348,350,345,347,344,342,350,344,357,334,307,333,308,327,320,326,319,316,330,314,330,323,336,323,337,327,315,327,315,334,328,333,322,309,336,309,335,322,331,323,330,342,347,342,348,352,340,353,340,342,352,342,351,347,345,348,345,341,354,341,355,351,344,347,345,345,349,345,348,352,338,354,340,308,337,308,336,324,327,323,330,327,315,327,314,333,328,334,329
50,318,306,318,304,316,328,312,327,314,318,316,317,333,302,332,303,344,354,340,351,349,343,350,343,345,341,346,345,351,352,353,350,345,346,344,346,347,351,349,350,344,353,342,350,344,341,350,342,313,316,314,316,332,306,331,305,327,303,319,304,312,326,311,328,305,318,305,318,325,313,328,314,319,316,319,312,305,333,306,333,348,339,350,342,339,343,340,345,346,344,350,349,350,352,354,353,346,349,349,343,348,352,350,352,351,340,351,341,341,343,340,343,317,313,320,316,306,334,306,334,302,330,305,329,327,312,324,313,315,328,315,326,318,334,317,334,330,302,331,305,326,316,324,316,346,342,350,343,341,348,343,349,352,338,352,340,342,346,344,346,348,339,347,338,344,345,345,347,347,343,349,342,344,349,344,349,330,305,330,302,324,315,325,316,310,327,311,328,318,333,318,332,324,311,326,313,331,328,330,329,307,334,303,333,318,328,317,327,340,345,341,343,351,338,350,338,344,352,343,352,346,343,350,350,339,352,339,352,349,343,352,342,341,347,340,348,350,339,351,336,305,334,304,335,319,327,318,327,327,314,327,312,331,329,330,318
51,319,304,327,304,313,325,315,326,314,318,314,318,330,303,330,302,342,354,339,354,349,343,343,343,344,345,344,344,350,354,348,351,344,347,345,348,351,349,352,352,339,352,338,355,348,343,341,341,313,316,314,316,332,305,332,304,328,304,326,303,313,327,319,326,303,330,306,318,327,314,327,316,319,312,318,312,307,334,303,332,350,340,350,339,342,345,341,345,346,350,350,350,355,353,350,353,350,342,346,341,354,352,354,352,352,340,350,340,341,346,339,343,318,312,319,313,302,334,304,335,305,318,304,329,324,314,326,313,312,328,316,327,318,334,327,335,330,303,333,305,323,316,327,313,347,341,346,340,343,353,340,347,347,340,353,338,345,345,344,346,351,339,352,338,344,347,344,344,350,341,350,341,344,350,338,354,332,303,331,303,325,319,322,316,315,329,310,327,317,335,328,334,325,313,327,311,331,318,329,321,306,334,305,335,319,328,318,326,340,346,341,344,350,338,351,338,345,352,343,352,349,342,346,342,345,352,339,352,347,350,346,349,340,347,339,346,351,340,351,341,303,334,303,334,319,328,318,327,326,312,324,314,332,327,330,319
52,322,298,314,299,308,323,308,321,312,313,309,312,328,304,326,301,337,348,337,345,341,338,340,335,341,343,342,344,348,345,347,347,342,342,342,342,344,346,344,347,338,346,340,349,340,339,343,337,314,317,305,311,326,301,328,303,325,302,315,299,304,322,304,324,300,321,301,315,322,311,321,306,313,306,313,307,302,328,301,328,347,335,347,335,339,340,338,341,342,337,342,340,350,344,346,346,343,337,341,344,349,342,350,343,347,337,347,337,340,342,340,340,316,307,312,306,300,328,302,329,301,320,303,316,326,310,327,306,308,323,307,322,314,329,323,329,331,301,329,301,323,313,323,312,345,337,344,339,338,348,333,346,345,335,344,336,341,341,339,341,344,334,345,335,340,342,341,344,342,337,345,341,334,346,334,350,327,301,326,303,324,316,324,312,308,323,307,322,314,329,325,325,325,311,323,305,328,316,325,321,299,329,300,331,314,321,313,324,338,340,337,341,348,335,347,337,337,344,336,348,341,343,339,339,334,347,338,348,347,343,341,338,338,342,340,343,349,337,347,337,302,328,300,329,315,321,316,324,319,306,322,311,328,314,328,316
53,315,302,313,301,307,322,314,325,306,316,305,317,327,305,327,300,336,345,336,350,342,338,343,336,341,340,347,343,348,346,345,345,341,341,340,341,345,347,347,349,335,349,334,344,339,338,337,338,306,312,312,312,328,300,324,304,314,302,323,300,309,321,308,321,304,320,302,322,324,304,322,310,316,307,312,310,301,327,302,329,348,337,348,336,340,341,339,340,342,343,343,341,345,347,348,347,344,338,345,343,344,343,345,344,346,336,348,338,339,341,339,343,312,309,313,309,297,327,301,330,300,315,304,319,325,306,323,305,306,324,307,322,323,328,315,328,327,304,328,300,326,316,326,317,341,338,341,338,335,346,334,347,346,336,345,337,341,342,341,343,346,336,343,336,341,341,344,343,343,337,344,343,335,348,335,345,328,300,327,302,325,313,326,313,308,321,307,323,315,328,314,327,321,310,324,306,327,315,328,316,302,328,301,329,313,320,314,322,339,341,338,345,349,336,349,335,338,347,337,347,344,342,344,342,333,344,337,342,348,336,344,344,339,343,339,342,348,336,347,338,301,329,302,328,314,322,313,323,320,310,323,304,329,322,327,315
54,327,305,315,307,317,327,310,325,317,322,313,320,335,305,335,306,342,350,342,352,347,342,347,342,343,347,345,347,355,352,349,353,346,347,346,346,348,349,354,350,340,349,339,351,345,340,342,337,316,319,313,322,332,306,334,306,317,309,327,306,317,325,316,327,305,319,304,332,328,315,327,314,317,315,318,310,303,335,307,329,349,339,349,341,344,347,344,342,349,347,346,350,350,353,350,354,346,346,346,348,351,352,351,348,352,340,351,338,346,346,340,347,318,316,317,315,307,335,307,330,306,331,305,333,328,316,326,314,310,324,316,324,317,334,326,335,335,305,334,304,325,320,327,319,346,340,346,339,338,351,339,350,354,340,356,340,345,346,346,347,351,340,349,341,344,347,343,347,346,341,345,341,339,351,341,347,332,305,334,305,326,321,328,319,316,324,316,324,315,331,316,335,326,314,324,314,335,332,334,331,305,330,306,330,319,324,321,323,344,344,343,343,352,340,349,339,340,349,338,352,345,343,345,348,342,353,339,349,347,348,346,343,345,345,343,346,354,340,348,340,301,331,301,331,319,324,319,327,326,314,327,313,335,331,335,316
55,327,306,325,306,317,325,310,324,314,319,317,321,332,305,335,305,340,351,340,350,340,341,348,341,345,347,346,346,353,351,349,352,345,345,342,346,353,354,348,347,341,352,339,351,343,343,349,340,316,320,311,320,332,304,335,305,323,307,315,301,308,324,316,327,305,333,306,331,327,315,327,313,317,310,316,308,305,330,307,330,350,341,349,339,339,346,340,346,346,342,347,347,351,354,350,352,345,346,346,347,348,350,349,349,350,340,353,340,342,346,343,347,319,318,317,312,306,337,302,335,304,318,305,318,327,312,328,316,310,324,310,327,315,335,315,329,335,304,336,305,327,321,326,319,344,340,345,342,337,350,339,352,349,339,355,340,347,347,345,345,354,340,350,340,344,345,346,347,346,341,346,341,341,350,339,351,337,306,333,305,326,319,326,320,308,326,308,324,325,330,326,336,326,315,328,311,333,333,330,319,301,330,306,331,319,324,320,324,343,344,343,348,353,340,354,339,341,353,337,350,346,347,346,340,337,352,341,350,346,343,346,341,341,344,340,342,353,340,349,340,306,335,306,335,321,325,319,324,327,315,326,316,335,319,333,319
56,338,321,330,320,328,336,324,335,326,331,328,335,346,319,346,318,352,363,352,364,358,356,357,356,354,360,355,359,366,367,364,367,359,358,355,359,361,363,360,363,352,364,350,363,357,354,357,354,327,337,327,331,348,319,349,318,330,317,330,320,323,339,328,334,318,342,318,343,339,325,341,326,331,327,334,328,317,348,317,348,362,353,368,350,356,354,358,360,359,358,359,355,364,362,364,362,358,358,362,358,364,363,362,363,367,348,362,350,353,357,358,356,335,329,333,326,316,344,320,344,317,331,318,333,340,327,341,327,322,338,328,337,340,343,340,348,346,318,347,318,339,333,340,334,357,352,359,354,350,363,352,362,364,349,366,349,360,358,354,359,364,351,366,352,354,360,354,356,359,355,359,356,350,363,352,364,347,319,346,317,341,335,341,334,323,334,328,335,338,343,328,348,340,325,338,325,349,333,345,331,315,348,321,348,333,335,335,336,354,358,358,358,367,354,363,349,353,365,351,364,360,355,359,357,351,365,352,364,359,354,359,355,354,359,354,359,367,353,367,354,320,350,316,343,331,338,334,335,340,328,341,328,349,343,350,333
57,337,316,333,322,328,335,328,337,328,331,325,332,347,316,347,318,353,363,353,366,357,356,356,354,354,359,355,362,361,366,363,362,359,358,360,359,364,363,365,364,352,362,353,363,360,356,357,354,325,332,328,333,346,316,345,319,339,321,330,321,327,335,328,337,319,341,319,342,339,325,340,327,332,328,334,329,314,342,321,348,367,354,366,351,356,355,354,355,358,355,361,357,363,364,364,363,360,354,360,355,365,365,362,364,367,352,365,353,357,359,353,354,335,322,331,329,320,349,320,349,318,333,319,343,341,325,342,323,324,336,329,337,331,349,339,349,349,319,343,317,340,333,340,333,360,356,359,355,352,364,351,362,367,353,359,351,358,362,355,361,362,350,366,350,359,357,354,358,359,355,358,355,353,363,352,363,348,318,348,319,339,333,341,336,327,335,324,334,340,350,339,344,339,326,339,325,350,343,348,343,313,348,317,348,332,338,330,338,355,359,358,357,367,354,362,354,351,363,351,364,360,355,359,357,352,362,347,365,360,357,359,356,358,360,353,360,362,353,367,353,320,350,321,350,331,336,333,336,340,324,339,325,345,343,349,343
58,350,331,351,330,334,352,334,352,339,347,340,345,358,330,361,331,363,375,366,377,369,366,370,366,371,369,372,371,382,375,373,379,371,369,371,370,381,375,381,378,366,377,366,378,369,366,369,366,337,346,340,345,359,331,361,332,351,330,348,328,334,352,339,350,332,345,332,357,353,339,353,341,343,341,342,335,330,358,327,358,376,365,379,363,366,367,369,367,373,368,373,372,377,376,377,373,373,372,372,372,376,374,376,374,378,365,378,363,369,368,369,368,343,338,344,340,327,357,330,362,332,357,333,358,352,340,353,339,340,350,335,349,349,357,350,361,359,332,361,331,351,344,352,346,373,366,373,366,366,378,366,376,380,365,373,366,371,373,371,373,373,366,373,367,367,371,370,372,370,366,372,365,364,377,366,376,359,330,358,331,352,345,352,345,333,350,343,351,341,358,342,361,351,341,352,342,358,358,361,347,327,363,328,357,344,351,345,353,366,373,366,370,379,365,375,363,366,377,365,375,373,368,371,371,363,372,366,373,373,370,373,372,370,370,366,372,380,361,374,364,326,362,329,356,343,350,346,349,353,340,352,342,359,345,361,359
59,342,328,341,331,341,350,340,349,341,346,339,346,362,332,358,329,365,379,366,373,370,364,369,365,372,374,368,371,381,375,374,379,374,374,367,370,375,379,380,374,365,376,364,377,371,365,369,367,339,346,342,346,361,329,360,328,350,325,341,327,340,350,339,352,329,345,330,356,353,342,350,342,343,340,345,340,331,361,328,362,372,363,374,363,369,372,368,371,373,372,372,370,377,372,378,376,376,371,370,368,377,377,377,378,376,366,375,364,368,371,368,369,343,335,341,340,332,363,332,361,331,358,332,356,352,341,352,339,334,349,334,350,340,358,349,357,357,331,358,328,352,347,351,346,373,368,373,365,365,376,365,376,374,365,377,365,367,372,371,373,378,364,375,363,367,369,368,371,372,365,372,367,366,378,366,377,355,330,360,330,351,345,352,346,332,350,334,350,350,361,348,362,351,340,352,340,360,346,361,345,330,362,330,362,343,351,342,350,370,373,366,374,374,362,375,363,365,373,366,376,372,371,374,370,364,374,366,373,373,368,374,368,367,373,369,374,380,363,377,366,327,357,327,356,346,351,341,350,352,338,351,342,362,358,359,345
60,309,296,317,296,301,317,308,316,302,309,302,309,319,292,319,292,327,339,332,344,331,331,341,331,334,333,333,337,341,340,338,342,333,336,332,337,338,340,341,341,333,339,328,342,339,330,338,330,302,308,303,305,317,292,320,294,307,291,314,296,301,318,302,316,291,321,295,307,313,302,315,303,308,303,309,304,293,324,293,323,341,326,340,328,329,332,330,335,340,338,338,337,339,341,344,340,336,339,339,339,338,341,342,344,340,326,340,330,330,336,332,334,307,299,306,304,291,320,293,322,296,308,292,318,314,304,316,303,305,317,300,317,317,322,307,322,321,289,320,294,314,307,313,303,339,331,333,332,334,337,329,344,335,330,341,326,332,335,332,336,343,329,341,328,329,334,333,335,336,331,337,332,328,344,335,344,320,291,320,296,316,304,316,304,301,318,300,316,305,321,307,322,313,303,316,303,320,317,319,308,290,323,291,323,308,314,308,316,331,336,329,332,340,330,339,325,333,341,329,341,338,339,338,331,333,341,329,342,335,331,338,333,329,333,330,335,339,327,339,330,291,320,296,323,309,316,309,316,315,303,317,303,317,308,320,307
61,317,292,307,293,304,316,309,316,302,305,305,308,321,295,319,292,332,342,332,339,330,331,340,333,334,333,333,337,337,340,341,342,334,335,335,337,341,340,339,341,333,343,333,339,339,331,338,332,302,307,302,305,321,292,323,294,317,292,307,297,304,317,302,317,294,321,294,320,316,303,314,303,308,304,305,304,293,323,295,323,341,328,340,327,331,333,330,335,340,330,335,336,344,341,339,340,339,332,333,339,343,341,344,341,339,326,340,326,331,333,331,334,307,301,307,300,293,322,296,323,291,318,291,309,316,302,316,303,300,317,300,315,306,323,317,323,319,292,320,294,315,303,315,307,335,331,336,332,328,344,333,338,339,327,337,326,330,336,337,334,339,329,337,329,331,334,333,334,339,331,335,331,328,344,328,339,320,295,321,295,313,306,316,304,304,317,302,316,317,323,317,324,313,302,315,304,323,307,321,319,292,324,292,322,308,317,309,316,330,335,331,333,340,330,341,327,333,341,329,341,338,339,333,339,328,340,329,341,339,331,332,340,328,333,329,335,339,327,339,327,293,322,292,322,310,317,309,315,315,302,313,303,318,307,320,307
62,306,290,303,291,296,310,298,314,299,302,293,300,316,291,317,289,324,332,325,338,327,326,326,325,329,330,329,330,333,337,333,337,330,330,329,330,333,336,334,335,323,333,323,334,326,327,327,326,292,305,294,302,315,287,314,291,303,287,303,292,295,311,292,311,289,309,287,309,310,299,310,299,301,296,304,296,289,317,291,317,335,326,336,324,327,329,328,331,332,325,331,328,335,336,338,333,332,326,330,331,335,330,334,337,335,322,335,324,326,329,328,329,301,296,302,294,290,317,289,317,288,309,289,304,310,294,311,294,297,309,295,312,311,318,301,317,316,291,314,290,313,305,313,301,331,327,329,325,325,337,324,336,334,324,334,324,328,330,329,331,333,324,333,324,329,330,327,330,330,326,328,326,323,334,324,334,314,293,315,292,310,305,312,302,296,311,296,308,302,317,312,317,313,299,314,293,316,303,315,310,291,316,288,316,303,310,303,310,328,330,325,331,335,322,336,325,325,337,325,338,330,325,331,327,324,335,325,337,333,327,332,330,327,330,328,330,335,324,333,324,288,317,288,317,304,310,304,310,313,300,314,298,317,303,316,303
63,302,291,302,293,295,310,295,310,298,303,294,302,316,289,316,292,323,338,322,333,326,329,331,325,328,331,330,330,335,335,334,336,331,328,331,330,333,336,334,335,325,334,323,337,332,327,327,326,299,305,294,301,316,290,317,291,303,288,301,286,296,310,295,310,292,309,287,304,312,298,311,294,304,296,300,296,287,317,288,318,336,324,336,324,327,330,326,330,331,326,331,326,338,336,339,332,330,332,332,331,337,334,335,331,335,322,335,324,327,329,326,331,301,298,304,296,288,317,288,317,292,310,291,310,313,294,313,299,293,310,296,310,302,318,313,317,315,292,316,289,311,302,312,305,332,325,333,327,325,338,323,332,334,322,332,325,330,330,329,330,334,326,332,322,330,330,329,330,329,326,333,326,323,337,326,337,316,292,314,290,311,306,312,301,296,310,295,311,302,318,312,318,311,294,314,294,315,309,316,303,288,317,291,316,304,311,301,311,327,330,327,330,336,324,337,323,323,336,323,332,332,331,332,330,323,337,326,332,333,331,330,331,329,330,327,330,335,324,334,324,288,317,288,318,304,309,305,308,312,294,313,298,316,310,316,309
64,305,295,305,315,306,313,305,312,304,310,329,313,324,293,323,295,328,364,331,340,333,329,336,329,358,335,335,338,346,342,337,365,336,336,335,336,338,338,362,339,330,340,328,339,337,355,331,328,308,309,304,310,347,294,322,293,304,290,314,316,305,313,296,313,294,320,319,306,316,305,315,302,309,325,308,298,296,324,296,324,364,330,338,327,330,334,333,359,335,336,335,332,339,341,365,341,335,332,334,338,339,365,340,342,342,329,339,330,356,334,333,333,310,299,307,325,288,319,291,320,295,308,320,307,316,303,315,302,298,339,299,314,312,324,313,324,346,294,324,294,315,308,315,334,335,330,336,330,327,341,354,340,338,329,347,329,333,359,334,336,338,327,343,329,360,337,336,334,335,329,335,355,327,338,330,340,324,294,346,294,316,310,315,308,299,339,305,314,305,323,304,319,342,306,316,302,322,306,325,334,296,319,290,326,308,314,333,313,328,336,331,333,339,355,338,328,330,338,327,341,359,336,335,331,327,339,329,364,336,338,334,331,334,335,355,336,341,330,342,329,291,345,290,324,307,313,309,313,340,302,316,301,324,321,322,334
65,314,294,305,315,298,316,306,314,305,309,329,309,321,294,319,292,327,365,326,341,335,329,338,331,358,337,335,334,344,348,345,363,336,331,334,332,339,338,363,343,327,341,328,338,337,355,332,328,303,309,305,309,348,294,323,294,305,293,305,317,298,313,299,313,294,318,320,307,316,305,317,302,308,324,308,305,295,318,290,325,364,329,343,329,329,334,332,359,335,336,334,337,340,342,365,342,336,334,335,332,338,364,341,341,343,330,339,329,355,333,330,334,306,300,311,324,294,325,291,319,294,307,320,307,314,302,316,306,305,339,305,313,304,321,315,326,348,294,322,294,313,310,316,334,335,329,335,329,328,338,353,339,338,330,343,329,335,359,334,335,338,327,343,326,360,331,336,335,335,330,333,353,330,341,330,336,322,294,346,294,315,309,316,308,305,339,299,314,312,320,315,319,341,303,316,302,324,321,321,332,290,320,295,323,308,312,332,314,333,336,329,335,338,354,342,330,329,338,327,339,359,332,335,337,329,339,327,365,334,333,335,331,328,331,355,336,342,329,337,329,295,345,294,324,309,312,308,314,340,306,315,305,321,307,324,334
66,327,311,318,309,315,326,318,324,316,322,315,322,338,307,337,307,340,351,340,354,346,344,345,345,348,347,347,348,349,351,354,353,343,349,343,347,354,352,354,352,342,352,341,354,344,343,345,345,315,323,316,324,338,309,337,307,319,309,319,305,318,327,312,327,307,321,305,320,329,315,330,315,320,313,320,317,309,339,310,335,351,338,356,338,343,350,342,344,347,346,348,341,351,351,352,354,347,347,349,346,354,353,352,353,356,339,356,342,347,343,344,344,323,318,320,316,311,337,305,331,307,332,308,333,329,314,329,314,318,328,316,325,318,338,327,338,337,306,336,307,330,323,329,323,349,341,348,345,340,354,340,354,349,339,350,338,349,348,343,349,354,343,354,340,348,349,349,346,348,344,348,342,341,353,342,352,334,307,337,308,330,323,329,324,317,326,314,326,328,336,319,333,329,315,327,315,338,332,335,321,304,333,309,338,323,325,320,325,346,350,342,347,352,338,352,336,341,352,339,352,348,345,348,345,341,352,339,354,348,343,349,345,342,349,343,349,355,342,351,339,306,336,304,334,320,324,320,325,329,315,328,314,338,332,337,331
67,328,306,328,305,317,327,312,325,315,323,315,324,338,308,338,308,339,352,341,353,345,344,347,345,346,346,348,347,356,353,354,356,349,347,348,351,355,356,355,351,342,352,338,353,346,344,345,345,315,322,317,323,335,308,334,305,327,305,328,304,311,327,317,325,307,321,307,321,329,315,329,314,322,317,323,317,309,332,306,337,357,343,355,340,346,346,346,344,349,346,350,347,352,354,353,354,352,344,348,346,353,354,354,351,355,342,358,340,346,348,343,344,320,312,320,318,309,332,310,332,308,321,307,332,329,316,330,314,316,326,313,326,319,337,319,333,335,308,335,306,328,322,329,322,351,344,348,345,342,353,340,351,348,340,357,342,349,350,348,348,350,343,354,337,344,349,343,350,349,345,348,344,340,354,340,352,333,307,337,307,329,321,328,321,316,325,317,327,320,333,319,333,330,314,329,316,335,331,337,332,305,332,305,337,320,325,323,327,346,350,342,347,356,343,353,344,341,354,339,352,348,347,349,345,340,353,339,352,348,346,348,345,347,346,345,346,352,345,351,337,305,337,305,333,320,325,322,323,330,315,328,315,336,331,334,321
68,339,315,339,316,323,341,326,339,332,334,330,334,348,319,351,317,355,365,354,367,359,355,359,355,360,363,358,361,369,365,369,364,357,360,361,356,370,365,364,368,354,368,354,367,361,355,358,354,328,335,326,336,347,320,347,319,327,324,330,319,322,339,324,340,319,346,321,350,338,327,341,328,331,331,333,323,315,346,314,350,365,351,368,352,359,359,358,362,363,357,362,356,366,365,367,366,362,361,363,361,365,366,367,363,368,353,363,355,355,357,356,361,333,328,333,323,319,346,316,346,320,335,321,335,342,329,341,326,329,340,327,339,340,347,331,346,347,317,347,320,340,336,340,335,361,354,358,354,354,365,354,367,362,356,362,352,357,359,356,362,365,356,364,351,357,362,358,359,361,356,361,354,356,365,355,366,347,320,347,318,341,336,343,335,323,339,328,339,330,346,330,346,341,332,341,328,349,347,348,346,320,345,315,345,334,341,334,341,355,362,356,359,367,353,369,352,355,365,353,365,361,359,363,361,354,364,355,365,362,356,362,360,356,359,359,360,365,355,365,350,316,351,315,344,333,340,332,339,341,331,341,328,349,346,348,332
69,340,321,338,322,329,337,323,339,328,333,329,335,349,320,350,319,352,367,354,365,358,355,358,355,356,362,358,362,364,365,363,366,356,359,360,361,371,369,363,365,355,364,355,368,356,356,359,354,331,336,328,335,348,320,346,319,329,316,330,320,324,339,328,338,321,335,320,346,340,330,342,329,332,323,332,324,316,347,320,346,364,353,364,352,356,356,356,358,363,361,362,358,367,365,367,366,361,360,361,362,364,362,368,363,367,351,365,354,355,362,359,361,331,329,334,323,316,351,318,346,321,347,319,346,341,331,341,331,329,340,324,340,338,350,330,351,347,319,350,321,341,334,341,334,362,354,362,355,355,366,354,365,368,354,363,351,360,360,357,362,369,355,369,354,361,358,361,359,363,354,362,358,354,367,353,366,350,323,347,319,341,335,342,336,323,339,328,339,330,347,331,347,340,328,341,331,347,343,347,346,316,344,319,351,333,339,334,340,357,361,360,361,369,354,365,355,353,366,356,365,360,358,361,361,355,365,354,365,361,360,361,360,356,362,356,360,370,355,363,353,315,351,319,351,332,339,334,340,341,331,341,331,348,346,349,346
